25512-42-9,Clc1ccc(cc1Cl)c2ccccc2
26601-64-9,Clc1cccc(c1)c2c(Cl)c(Cl)c(Cl)c(Cl)c2Cl
2051-24-3,Clc1c(Cl)c(Cl)c(c(Cl)c1Cl)c2c(Cl)c(Cl)c(Cl)c(Cl)c2Cl
12002-48-1,Clc1cc(Cl)cc(Cl)c1
70776-03-3,Clc1c(Cl)c(Cl)c2ccccc2c1Cl
25321-14-6,Cc1cc(cc(c1)[N+](=O)[O-])[N+](=O)[O-]
10/7/1979,OC(=O)C=C
96-33-3,COC(=O)C=C
108-10-1,CC(C)CC(=O)C
3648-21-3,CCCCCCCOC(=O)c1ccccc1C(=O)OCCCCCCC
26761-40-0,CC(C)CCCCCCCOC(=O)c1ccccc1C(=O)OCCCCCCCC(C)C
107-13-1,C=CC#N
108-94-1,O=C1CCCCC1
92-52-4,c1ccc(cc1)c2ccccc2
100-44-7,ClCc1ccccc1
77-73-6,C1C=CC2C3CC(C=C3)C12
85-68-7,CCCCOC(=O)c1ccccc1C(=O)OCc2ccccc2
101-72-4,CC(C)Nc1ccc(Nc2ccccc2)cc1
108-80-5,O=C1NC(=O)NC(=O)N1
99-99-0,Cc1ccc(cc1)[N+](=O)[O-]
81-16-3,Nc1ccc2ccccc2c1S(=O)(=O)O
121-69-7,CN(C)c1ccccc1
123-91-1,C1COCCO1
1319-77-3,Cc1cccc(O)c1
108-46-3,Oc1cccc(O)c1
77-99-6,CCC(CO)(CO)CO
78-59-1,CC1=CC(=O)CC(C)(C)C1
102-06-7,N=C(Nc1ccccc1)Nc2ccccc2
95-51-2,Nc1ccccc1Cl
1300-71-6,Cc1ccc(O)cc1C
67-72-1,ClC(Cl)(Cl)C(Cl)(Cl)Cl
2/5/1987,Nc1ccc2c(O)cc(cc2c1)S(=O)(=O)O
130-13-2,Nc1ccc(c2ccccc12)S(=O)(=O)O
9/3/5460,Nc1cc(cc2cc(cc(O)c12)S(=O)(=O)O)S(=O)(=O)O
88-44-8,Cc1ccc(N)c(c1)S(=O)(=O)O
110-91-8,C1COCCN1
137-26-8,CN(C)C(=S)SSC(=S)N(C)C
126-72-7,BrCC(Br)COP(=O)(OCC(Br)CBr)OCC(Br)CBr
110-89-4,C1CCNCC1
110-85-0,C1CNCCN1
100-61-8,CNc1ccccc1
100-01-6,Nc1ccc(cc1)[N+](=O)[O-]
25154-54-5,[O-][N+](=O)c1cccc(c1)[N+](=O)[O-]
91-15-6,N#Cc1ccccc1C#N
30171-80-3,Cc1cc(Br)c(Br)c(OCC2CO2)c1
13654-09-6,Brc1c(Br)c(Br)c(c(Br)c1Br)c2c(Br)c(Br)c(Br)c(Br)c2Br
26603-23-6,CCCCCCCCc1cccc(Nc2cccc(CCCCCCCC)c2)c1
90-13-1,Clc1cccc2ccccc12
6099-57-6,Oc1ccc(c2ccccc12)S(=O)(=O)O
135-51-3,Oc1cc2ccc(cc2cc1S(=O)(=O)O)S(=O)(=O)O
90-51-7,Nc1ccc2cc(cc(O)c2c1)S(=O)(=O)O
20324-87-2,Oc1cc(cc2cc(NC(=O)Nc3ccc4c(O)cc(cc4c3)S(=O)(=O)O)ccc12)S(=O)(=O)O
82-44-0,Clc1cccc2C(=O)c3ccccc3C(=O)c12
131-09-9,Clc1ccc2C(=O)c3ccccc3C(=O)c2c1
583-39-1,Sc1nc2ccccc2[nH]1
112-24-3,NCCNCCNCCN
107-41-5,CC(O)CC(C)(C)O
126-30-7,CC(C)(CO)CO
98-82-8,CC(C)c1ccccc1
91-66-7,CCN(CC)c1ccccc1
95-82-9,Nc1cc(Cl)ccc1Cl
95-76-1,Nc1ccc(Cl)c(Cl)c1
53906-68-6,Cc1cc(Cl)ccc1N
1806-26-4,CC(C)(C)CC(C)(C)c1ccc(O)cc1
101-84-8,O(c1ccccc1)c2ccccc2
88-75-5,Oc1ccccc1[N+](=O)[O-]
42010-13-9,CC(C)c1ccc(CO)cc1
98-86-2,CC(=O)c1ccccc1
118-91-2,OC(=O)c1ccccc1Cl
127-68-4,OS(=O)(=O)c1cccc(c1)[N+](=O)[O-]
946-30-5,OS(=O)(=O)c1cc(ccc1Cl)[N+](=O)[O-]
40529-66-6,CCc1cccc(c1)c2ccccc2
28652-72-4,Cc1cccc(c1)c2ccccc2
26140-60-3,c1ccc(cc1)c2ccc(cc2)c3ccccc3
25394-13-2,Nc1ccc(C=Cc2ccc(N)cc2S(=O)(=O)O)c(c1)S(=O)(=O)O
117-80-6,ClC1=C(Cl)C(=O)c2ccccc2C1=O
1322-93-6,CC(C)c1ccc2c(ccc(c2c1)S(=O)(=O)O)C(C)C
52789-62-5,Nc1c(cc(c2cccc(O)c12)S(=O)(=O)O)S(=O)(=O)O
91-64-5,O=C1Oc2ccccc2C=C1
141-79-7,CC(=CC(=O)C)C
123-77-3,NC(=O)N=NC(=O)N
106-43-4,Cc1ccc(Cl)cc1
1897-45-6,Clc1c(Cl)c(C#N)c(Cl)c(C#N)c1Cl
6034-54-4,CC(=O)Nc1ccc(cc1)S(=O)(=O)O
92296-04-3,CC(Br)C(=O)NC1=C(C)N(C)N(C1=O)c2ccccc2
3089-11-0,COCN(COC)c1nc(nc(n1)N(COC)COC)N(COC)COC
839-90-7,OCCN1C(=O)N(CCO)C(=O)N(CCO)C1=O
36065-30-2,CC(Br)(CBr)COc1c(Br)cc(Br)cc1Br
84-57-1,CC1=NN(C(=O)C1)c2cc(Cl)c(cc2Cl)S(=O)(=O)O
19666-30-9,CC(C)Oc1cc(N2N=C(OC2=O)C(C)(C)C)c(Cl)cc1Cl
3864-99-1,CC(C)(C)c1cc(c(O)c(c1)C(C)(C)C)n2nc3ccc(Cl)cc3n2
10302-94-0,CCOC(=O)\C=C(/Cl)\C(=O)OCC
79-43-6,OC(=O)C(Cl)Cl
127-20-8,CC(Cl)(Cl)C(=O)O
25013-16-5,COc1ccc(O)c(c1)C(C)(C)C
1843-05-6,CCCCCCCCOc1ccc(C(=O)c2ccccc2)c(O)c1
948-65-2,c1ccc(cc1)c2cc3ccccc3[nH]2
96-69-5,Cc1cc(O)c(cc1Sc2cc(c(O)cc2C)C(C)(C)C)C(C)(C)C
693-36-7,CCCCCCCCCCCCCCCCCCOC(=O)CCSCCC(=O)OCCCCCCCCCCCCCCCCCC
126-73-8,CCCCOP(=O)(OCCCC)OCCCC
120-54-7,S=C(SSSSC(=S)N1CCCCC1)N2CCCCC2
96-45-7,S=C1NCCN1
100-97-0,C1N2CN3CN(CN1C3)C2
104-54-1,OCC=Cc1ccccc1
137-16-6,CCCCCCCCCCCC(=O)N(C)CC(=O)O
137-20-2,CCCCCCCCC=CCCCCCCCC(=O)N(C)CCS(=O)(=O)O
25638-17-9,CCCCc1ccc2ccc(cc2c1)S(=O)(=O)O
3618-60-8,Oc1cccc2c(O)c(ccc12)N=Nc3cc(Cl)cc(c3O)S(=O)(=O)O
91-96-3,CC(=O)CC(=O)Nc1ccc(cc1C)c2ccc(NC(=O)CC(=O)C)c(C)c2
92-77-3,Oc1cc2ccccc2cc1C(=O)Nc3ccccc3
10319-14-9,Oc1c(Br)c2ccccc2nc1C3C(=O)c4ccccc4C3=O
61968-28-3,CCCCOCCN1C(=N)c2c(N)c3C(=O)c4ccccc4C(=O)c3c(N)c2C1=O
6358-85-6,CC(=O)C(N=Nc1ccc(cc1Cl)c2ccc(N=NC(C(=O)C)C(=O)Nc3ccccc3)c(Cl)c2)C(=O)Nc4ccccc4
110-80-5,CCOCCO
109-73-9,CCCCN
78-81-9,CC(C)CN
106-37-6,Brc1ccc(Br)cc1
103-50-4,C(OCc1ccccc1)c2ccccc2
554-84-7,Oc1cccc(c1)[N+](=O)[O-]
5428-54-6,Cc1ccc(cc1O)[N+](=O)[O-]
119-61-9,O=C(c1ccccc1)c2ccccc2
552-16-9,OC(=O)c1ccccc1[N+](=O)[O-]
98-11-03,OS(=O)(=O)c1ccccc1
100-46-9,NCc1ccccc1
64-04-0,NCCc1ccccc1
588-46-5,CC(=O)NCc1ccccc1
612-22-6,CCc1ccccc1[N+](=O)[O-]
101-81-5,C(c1ccccc1)c2ccccc2
616-44-4,Cc1ccsc1
626-86-8,CCOC(=O)CCCCC(=O)O
108-88-3,Cc1ccccc1
50-29-3,Clc1ccc(cc1)C(c2ccc(Cl)cc2)C(Cl)(Cl)Cl
34375-28-5,OCCNCO
107-22-2,O=CC=O
591-60-6,CCCCOC(=O)CC(=O)C
105-45-3,COC(=O)CC(=O)C
141-17-3,CCCCOCCOCCOC(=O)CCCCC(=O)OCCOCCOCCCC
4719-04-04,OCCN1CN(CCO)CN(CCO)C1
105-60-2,O=C1CCCCCN1
123-35-3,CC(=CCCC(=C)C=C)C
107-21-1,OCCO
110-63-4,OCCCCO
123-42-2,CC(=O)CC(C)(C)O
623-91-6,CCOC(=O)C=CC(=O)OCC
127-19-5,CN(C)C(=O)C
67-56-1,CO
123-62-6,CCC(=O)OC(=O)CC
64-18-6,OC=O
79-20-9,COC(=O)C
105-46-4,CCC(C)OC(=O)C
144-62-7,OC(=O)C(=O)O
110-15-6,OC(=O)CCC(=O)O
105-53-3,CCOC(=O)CC(=O)OCC
1119-40-0,COC(=O)CCCC(=O)OC
79-41-4,CC(=C)C(=O)O
110-17-8,OC(=O)\C=C\C(=O)O
617-45-8,NC(CC(=O)O)C(=O)O
77-92-9,OC(=O)CC(O)(CC(=O)O)C(=O)O
79-14-1,OCC(=O)O
50-21-5,CC(O)C(=O)O
617-48-1,OC(CC(=O)O)C(=O)O
133-37-9,OC(C(O)C(=O)O)C(=O)O
298-12-4,OC(=O)C=O
123-07-9,CCc1ccc(O)cc1
121-33-5,COc1cc(C=O)ccc1O
50-70-4,OC[C@@H](O)[C@@H](O)[C@H](O)[C@@H](O)CO
56-40-6,NCC(=O)O
87-99-0,OCC(O)C(O)C(O)CO
461-72-3,O=C1CNC(=O)N1
150-30-1,NC(Cc1ccccc1)C(=O)O
142-47-2,N[C@@H](CCC(=O)O)C(=O)O
107-95-9,NCCC(=O)O
9/5/1988,CCC(CC)C(=O)O
110-16-7,OC(=O)\C=C/C(=O)O
105-99-7,CCCCOC(=O)CCCCC(=O)OCCCC
123-96-6,CCCCCCC(C)O
24634-61-5,C\C=C\C=C\C(=O)O
97-65-4,OC(=O)CC(=C)C(=O)O
123-11-5,COc1ccc(C=O)cc1
72-87-7,CC(=O)N[C@H]1[C@@H](O)OC(CO)[C@@H](O)[C@@H]1O
85-41-6,O=C1NC(=O)c2ccccc12
109-60-4,CCCOC(=O)C
106-65-0,COC(=O)CCC(=O)OC
5/9/1996,CC(=C)C(=O)OCC=C
120-14-9,COc1ccc(C=O)cc1OC
122-00-9,CC(=O)c1ccc(C)cc1
21799-87-1,Oc1ccc(O)c(c1)S(=O)(=O)O
372-09-8,OC(=O)CC#N
121-32-4,CCOc1cc(C=O)ccc1O
563-80-4,CC(C)C(=O)C
29253-36-9,CC(C)c1ccc2ccccc2c1
38640-62-9,CC(C)c1ccc2ccccc2c1C(C)C
35860-37-8,CC(C)c1cc2ccccc2c(C(C)C)c1C(C)C
40766-31-2,CC(c1ccccc1)c2cc(C)ccc2C
107-05-1,ClCC=C
127-18-4,ClC(=C(Cl)Cl)Cl
106-46-7,Clc1ccc(Cl)cc1
541-73-1,Clc1cccc(Cl)c1
101-68-8,O=C=Nc1ccc(Cc2ccc(cc2)N=C=O)cc1
117-81-7,CCCCC(CC)COC(=O)c1ccccc1C(=O)OCC(CC)CCCC
2211-98-5,CCCCCCCCCCCCc1ccc(cc1)S(=O)(=O)O
26545-58-4,OS(=O)(=O)c1ccc2cc(Cc3ccc4cc(ccc4c3)S(=O)(=O)O)ccc2c1
585-34-2,CC(C)(C)c1cccc(O)c1
88-18-6,CC(C)(C)c1ccccc1O
78-32-0,Cc1ccc(OP(=O)(Oc2ccc(C)cc2)Oc3ccc(C)cc3)cc1
563-04-2,Cc1cccc(OP(=O)(Oc2cccc(C)c2)Oc3cccc(C)c3)c1
60-00-4,OC(=O)CN(CCN(CC(=O)O)CC(=O)O)CC(=O)O
6/2/1976,[O-][N+](=O)C(Cl)(Cl)Cl
2939-80-2,ClC(Cl)C(Cl)(Cl)SN1C(=O)C2CC=CCC2C1=O
6627-59-4,Cc1cc(c(N)cc1Cl)S(=O)(=O)O
88-89-1,Oc1c(cc(cc1[N+](=O)[O-])[N+](=O)[O-])[N+](=O)[O-]
112-52-7,CCCCCCCCCCCCCl
132-29-6,O=P(Oc1ccccc1)(Oc2ccccc2)Oc3ccccc3c4ccccc4
121-57-3,Nc1ccc(cc1)S(=O)(=O)O
106-50-3,Nc1ccc(N)cc1
108-99-6,Cc1cccnc1
110-86-1,c1ccncc1
91-53-2,CCOc1ccc2NC(C)(C)C=C(C)c2c1
96-29-7,CCC(=NO)C
1758-73-2,NC(=N)S(=O)O
121-87-9,Nc1ccc(cc1Cl)[N+](=O)[O-]
88-98-2,OC(=O)C1CC=CCC1C(=O)O
28575-17-9,CCc1ccc(cc1)c2cccc(CC)c2
42343-17-9,CCc1cccc(c1)c2cc(CC)cc(CC)c2
5707-44-8,CCc1ccc(cc1)c2ccccc2
134-32-7,Nc1cccc2ccccc12
26761-45-5,CC(C)(C)CCCCCC(=O)OCC1CO1
95-49-8,Cc1ccccc1Cl
709-98-8,CCC(=O)Nc1ccc(Cl)c(Cl)c1
26226-72-2,CCOC(=O)c1ccc(NC(=O)CCl)cc1
25640-71-5,CC(c1ccccc1)c2cc(C(C)c3ccccc3)c(cc2O)C(C)c4ccccc4
1/8/1985,c1ccc2c(c1)ccc3ccccc23
1338-41-6,CCCCCCCCCCCCCCCCCC(=O)OCC1OCC(O)C(O)C1O
118-82-1,CC(C)(C)c1cc(Cc2cc(c(O)c(c2)C(C)(C)C)C(C)(C)C)cc(c1O)C(C)(C)C
123-28-4,CCCCCCCCCCCCOC(=O)CCSCCC(=O)OCCCCCCCCCCCC
26787-65-5,CCCCCCCCCCCCCCCCCCCCCCCCCCCC(=O)OCCO
77-90-7,CCCCOC(=O)CC(CC(=O)OCCCC)(OC(=O)C)C(=O)OCCCC
103-34-4,C1CN(CCO1)SSN2CCOCC2
143-28-2,CCCCCCCCC=CCCCCCCCCO
122-40-7,CCCCCC(=Cc1ccccc1)C=O
81-15-2,Cc1c(c(C)c(c(c1[N+](=O)[O-])C(C)(C)C)[N+](=O)[O-])[N+](=O)[O-]
9014-90-8,CCCCCCCCCc1ccc(OCCOCCOCCOCCOCCOCCOS(=O)(=O)O)cc1
6459-94-5,Cc1ccc(cc1)S(=O)(=O)Oc2ccc(cc2)N=Nc3ccc(cc3C)c4ccc(N=Nc5c(O)ccc6cc(cc(c56)S(=O)(=O)O)S(=O)(=O)O)c(C)c4
17095-24-8,Nc1c(N=Nc2ccc(cc2)S(=O)(=O)CCOS(=O)(=O)O)c(cc3cc(c(N=Nc4ccc(cc4)S(=O)(=O)CCOS(=O)(=O)O)c(O)c13)S(=O)(=O)O)S(=O)(=O)O
3229-00-3,BrCC(CBr)(CBr)CBr
124-19-6,CCCCCCCCC=O
66-25-1,CCCCCC=O
5435-64-3,CC(CC=O)CC(C)(C)C
927-49-1,CCCCCC(=O)CCCCC
98-81-7,BrC(=C)c1ccccc1
4821-19-6,Oc1c(cccc1C2CCCCC2)C3CCCCC3
36483-60-0,Brc1ccc(Oc2cc(Br)c(Br)c(Br)c2Br)cc1Br
98-84-0,CC(N)c1ccccc1
129-43-1,Oc1cccc2C(=O)c3ccccc3C(=O)c12
8/6/2426,CCCCOCC1CO1
630-03-5,CCCCCCCCCCCCCCCCCCCCCCCCCCCCC
506-52-5,CCCCCCCCCCCCCCCCCCCCCCCCCCO
111-94-4,N#CCCNCCC#N
78-67-1,CC(C)(N=NC(C)(C)C#N)C#N
122-60-1,C(Oc1ccccc1)C2CO2
603-11-2,OC(=O)c1cccc(c1C(=O)O)[N+](=O)[O-]
2416-94-6,Cc1ccc(C)c(O)c1C
1712-70-5,CC(=C)c1ccc(Cl)cc1
62717-50-4,Clc1ccccc1C2CO2
50-31-7,OC(=O)c1c(Cl)ccc(Cl)c1Cl
83-38-5,Clc1cccc(Cl)c1C=O
87-86-5,Oc1c(Cl)c(Cl)c(Cl)c(Cl)c1Cl
576-24-9,Oc1cccc(Cl)c1Cl
583-78-8,Oc1cc(Cl)ccc1Cl
579-10-2,CN(C(=O)C)c1ccccc1
123251-96-7,Nc1c(Cl)cc(cc1S(=O)(=O)O)c2cc(Cl)c(N)c(c2)S(=O)(=O)O
119-53-9,OC(C(=O)c1ccccc1)c2ccccc2
101-53-1,Oc1ccc(Cc2ccccc2)cc1
13540-50-6,Cc1ccc(C)c(Cc2ccccc2)c1
101-77-9,Nc1ccc(Cc2ccc(N)cc2)cc1
134-83-8,ClC(c1ccccc1)c2ccc(Cl)cc2
32669-06-0,ClCCOC(c1ccccc1)c2ccccc2
1141-38-4,OC(=O)c1ccc2cc(ccc2c1)C(=O)O
2050-76-2,Oc1c(Cl)cc(Cl)c2ccccc12
7267-14-3,Clc1ccc2C(=O)OC(=O)c3ccc(Cl)c1c23
130-15-4,O=C1C=CC(=O)c2ccccc12
5/3/1982,O=C1c2ccccc2c3cccc4cccc1c34
462-08-8,Nc1cccnc1
1623-19-4,C=CCOP(=O)(OCC=C)OCC=C
680-31-9,CN(C)P(=O)(N(C)C)N(C)C
644-97-3,ClP(Cl)c1ccccc1
26967-76-0,CC(C)c1ccc(OP(=O)(Oc2ccc(cc2)C(C)C)Oc3ccc(cc3)C(C)C)cc1
3772-94-9,CCCCCCCCCCCC(=O)Oc1c(Cl)c(Cl)c(Cl)c(Cl)c1Cl
534-52-1,Cc1cc(cc(c1O)[N+](=O)[O-])[N+](=O)[O-]
88-85-7,CCC(C)c1cc(cc(c1O)[N+](=O)[O-])[N+](=O)[O-]
74-97-5,ClCBr
13116-53-5,ClCC(Cl)(Cl)CCl
585-07-9,CC(=C)C(=O)OC(C)(C)C
32360-05-7,CCCCCCCCCCCCCCCCCCOC(=O)C(=C)C
97-88-1,CCCCOC(=O)C(=C)C
688-84-6,CCCCC(CC)COC(=O)C(=C)C
144-48-9,NC(=O)CI
20679-58-7,BrCC(=O)OCC=CCOC(=O)CBr
111-69-3,N#CCCCCC#N
6317-18-6,N#CSCSC#N
115-96-8,ClCCOP(=O)(OCCCl)OCCCl
60-51-5,CNC(=O)CSP(=S)(OC)OC
512-56-1,COP(=O)(OC)OC
7580-85-0,CC(C)(C)OCCO
527-84-4,CC(C)c1ccccc1C
535-77-3,CC(C)c1cccc(C)c1
1085-98-9,CN(C)S(=O)(=O)N(SC(F)(Cl)Cl)c1ccccc1
696-44-6,CNc1cccc(C)c1
346-10-1,CCC(Oc1ccc(cc1C(C)(C)CC)C(C)(C)CC)C(=O)Nc2ccc(NC(=O)C(F)(F)C(F)(F)C(F)(F)F)c(O)c2
29772-02-9,Clc1ccc(OCOCC#CI)cc1
1570-64-5,Cc1cc(Cl)ccc1O
59-50-7,Cc1cc(O)ccc1Cl
615-74-7,Cc1ccc(Cl)c(O)c1
609-89-2,Oc1c(Cl)cc(Cl)cc1[N+](=O)[O-]
100468-92-6,ClCS(=O)(=O)Nc1cc(Cl)c(Cl)c(Cl)c1Oc2cccc(Cl)c2
1300-51-2,Oc1ccc(cc1)S(=O)(=O)O
24019-05-4,OS(=O)(=O)c1cc(Cl)ccc1Oc2ccc(Cl)cc2NC(=O)Nc3ccc(Cl)c(Cl)c3
5405-84-5,CC1(C)C2CCC(C)(OO)C1C2
115-86-6,O=P(Oc1ccccc1)(Oc2ccccc2)Oc3ccccc3
2104-64-5,CCOP(=S)(Oc1ccc(cc1)[N+](=O)[O-])c2ccccc2
114-26-1,CNC(=O)Oc1ccccc1OC(C)C
3792-59-4,CCOP(=S)(Oc1ccc(Cl)cc1Cl)c2ccccc2
1502-22-3,O=C1CCCCC1C2=CCCCC2
101-14-4,Nc1ccc(Cc2ccc(N)c(Cl)c2)cc1Cl
510-15-6,CCOC(=O)C(O)(c1ccc(Cl)cc1)c2ccc(Cl)cc2
3733-79-7,CC(C)C12CCC(C)(C=C1)C3C2C(=O)OC3=O
26898-17-9,Cc1cccc(Cc2ccccc2)c1Cc3ccccc3
719-96-0,FC(Cl)(Cl)SN1C(=O)c2ccccc2C1=O
533-74-4,CN1CSC(=S)N(C)C1
3811-49-2,COP1(=S)OCc2ccccc2O1
6842-15-5,CC=CC(C)CC(C)CC(C)C
14130-05-3,CCCCCCCCCCCCCCCCCCCN
112-90-3,CCCCCCCC\C=C/CCCCCCCCN
103-44-6,CCCCC(CC)COC=C
10496-18-1,CCCCCCCCCCSSCCCCCCCCCC
28777-98-2,CCCCCCCCC=CCCCCCCCCC1CC(=O)OC1=O
2243-27-8,CCCCCCCCC#N
22984-54-9,CCC(=NO[Si](C)(ON=C(C)CC)ON=C(C)CC)C
822-06-0,O=C=NCCCCCCN=C=O
1321-74-0,C=Cc1ccc(C=C)cc1
99-54-7,[O-][N+](=O)c1ccc(Cl)c(Cl)c1
89-61-2,[O-][N+](=O)c1cc(Cl)ccc1Cl
611-06-3,[O-][N+](=O)c1ccc(Cl)cc1Cl
67557-76-0,CCC(C)c1ccc(OCC2CO2)cc1
1726-23-4,CCCCOC(=O)c1ccc(C(=O)OCCCC)c(c1)C(=O)OCCCC
538-75-0,C1CCC(CC1)N=C=NC2CCCCC2
6731-36-8,CC1CC(C)(C)CC(C1)(OOC(C)(C)C)OOC(C)(C)C
13149-00-3,O=C1OC(=O)C2CCCCC12
4098-71-9,CC1(C)CC(CC(C)(CN=C=O)C1)N=C=O
15205-57-9,C(OP(OCc1ccccc1)OCc2ccccc2)c3ccccc3
119-47-1,Cc1cc(Cc2cc(C)cc(c2O)C(C)(C)C)c(O)c(c1)C(C)(C)C
118-44-5,CCNc1cccc2ccccc12
3048-65-5,C1C=CCC2C=CCC12
79-92-5,CC1(C)C2CCC(C2)C1=C
947-04-6,O=C1CCCCCCCCCCCN1
43051-46-3,OCCN(CCO)c1cccc(NC(=O)c2ccccc2)c1
61968-52-3,CCC(=O)Nc1cc(ccc1N=Nc2ccc(cc2Cl)[N+](=O)[O-])N(CCOC(=O)C)CCOC(=O)C
71767-67-4,[O-][N+](=O)c1cc(Cl)c(N=Nc2ccc(cc2)N(CCC#N)CCC#N)c(Cl)c1
12217-77-5,Oc1ccc(Nc2ccccc2)c3C(=O)c4c(C(=O)c13)c(O)ccc4[N+](=O)[O-]
26630-87-5,CC(=O)OCCN(CCOC(=O)C)c1ccc(N=Nc2nc3ccc(Cl)cc3s2)c(NC(=O)c4ccccc4)c1
5124-25-4,[O-][N+](=O)c1cc(ccc1Nc2ccccc2)S(=O)(=O)Nc3ccccc3
28106-30-1,CCc1cccc(C=C)c1
124-28-7,CCCCCCCCCCCCCCCCCCN(C)C
75-21-8,C1CO1
75-56-9,CC1CO1
330-54-1,CN(C)C(=O)Nc1ccc(Cl)c(Cl)c1
13674-84-5,CC(CCl)OP(=O)(OC(C)CCl)OC(C)CCl
691-37-2,CC(C)CC=C
13987-01-4,CCCC(C)CC(=C)C
563-47-3,CC(=C)CCl
112-34-5,CCCCOCCOCCO
112-27-6,OCCOCCOCCO
870-72-4,OCS(=O)(=O)O
111-20-6,OC(=O)CCCCCCCCC(=O)O
923-26-2,CC(O)COC(=O)C(=C)C
128-04-1,CN(C)C(=S)S
7620-77-1,CCCCCCC(O)CCCCCCCCCCC(=O)O
577-11-7,CCCCC(CC)COC(=O)CC(C(=O)OCC(CC)CCCC)S(=O)(=O)O
8/9/1995,CCC(CC)C(=O)OCCOCCOCCOC(=O)C(CC)CC
100-41-4,CCc1ccccc1
131-11-3,COC(=O)c1ccccc1C(=O)OC
84-66-2,CCOC(=O)c1ccccc1C(=O)OCC
24851-98-7,CCCCCC1C(CC(=O)OC)CCC1=O
101-25-7,O=NN1CN2CN(CN(C2)N=O)C1
96-34-4,COC(=O)CCl
541-41-3,CCOC(=O)Cl
614-80-2,CC(=O)Nc1ccccc1O
97-52-9,COc1cc(ccc1N)[N+](=O)[O-]
111-85-3,CCCCCCCCCl
2162-99-4,ClCCCCCCCCCl
124-73-2,FC(F)(Br)C(F)(F)Br
109-70-6,ClCCCBr
123-38-6,CCC=O
103-23-1,CCCCC(CC)COC(=O)CCCCC(=O)OCC(CC)CCCC
139-13-9,OC(=O)CN(CC(=O)O)CC(=O)O
78-51-3,CCCCOCCOP(=O)(OCCOCCCC)OCCOCCCC
87-59-2,Cc1cccc(N)c1C
95-78-3,Cc1ccc(C)c(N)c1
108-69-0,Cc1cc(C)cc(N)c1
108-42-9,Nc1cccc(Cl)c1
554-00-7,Nc1ccc(Cl)cc1Cl
86-73-7,C1c2ccccc2c3ccccc13
208-96-8,C1=Cc2cccc3cccc1c23
74-96-4,CCBr
85-40-5,O=C1NC(=O)C2CC=CCC12
306-83-2,FC(F)(F)C(Cl)Cl
57-55-6,CC(O)CO
793-24-8,CC(C)CC(C)Nc1ccc(Nc2ccccc2)cc1
532-03-6,COc1ccccc1OCC(O)COC(=O)N
3050-69-9,CCCCCC(=O)OC=C
100-69-6,C=Cc1ccccn1
106-91-2,CC(=C)C(=O)OCC1CO1
3234-85-3,CCCCCCCCCCCCCCOC(=O)CCCCCCCCCCCCC
17671-27-1,CCCCCCCCCCCCCCCCCCCCCCOC(=O)CCCCCCCCCCCCCCCCCCCCC
626-23-3,CCC(C)NC(C)CC
818-61-1,OCCOC(=O)C=C
2/1/2861,Nc1cc(c(O)c2C(=O)c3c(N)cc(c(O)c3C(=O)c12)S(=O)(=O)O)S(=O)(=O)O
131-17-9,C=CCOC(=O)c1ccccc1C(=O)OCC=C
70-55-3,Cc1ccc(cc1)S(=O)(=O)N
584-03-2,CCC(O)CO
3209-22-1,[O-][N+](=O)c1cccc(Cl)c1Cl
110-54-3,CCCCCC
107-83-5,CCCC(C)C
142-82-5,CCCCCCC
111-84-2,CCCCCCCCC
3710-84-7,CCN(O)CC
19780-16-6,CCCCCCCCCCCCCCCCCCC1CO1
77-85-0,CC(CO)(CO)CO
307-70-0,OCC(F)(F)C(F)(F)C(F)(F)C(F)(F)C(F)(F)C(F)(F)C(F)(F)C(F)(F)C(F)(F)C(F)F
110-97-4,CC(O)CNCC(C)O
108-20-3,CC(C)OC(C)C
106-92-3,C=CCOCC1CO1
112-50-5,CCOCCOCCOCCO
111-30-8,O=CCCCC=O
65119-95-1,OC(=O)CCCCCCCCCCCCCCCCCCCCC=C
822-16-2,CCCCCCCCCCCCCCCCCC(=O)O
7360-38-5,CCCCC(CC)C(=O)OCC(COC(=O)C(CC)CCCC)OC(=O)C(CC)CCCC
112-80-1,CCCCCCCC\C=C/CCCCCCCC(=O)O
105-16-8,CCN(CC)CCOC(=O)C(=C)C
74-79-3,NC(CCCNC(=N)N)C(=O)O
139-87-7,CCN(CCO)CCO
620-17-7,CCc1cccc(O)c1
3586-14-9,Cc1cccc(Oc2ccccc2)c1
1073-72-9,CSc1ccc(O)cc1
122-01-0,ClC(=O)c1ccc(Cl)cc1
599-61-1,Nc1cccc(c1)S(=O)(=O)c2cccc(N)c2
1200-14-2,CCCCc1ccc(C=O)cc1
76-22-2,CC1(C)C2CCC1(C)C(=O)C2
108-32-7,CC1COC(=O)O1
100-54-9,N#Cc1cccnc1
148-24-3,Oc1cccc2cccnc12
123-33-1,O=C1NNC(=O)C=C1
69-65-8,OCC(O)C(O)C(O)C(O)CO
987-78-0,C[N+](C)(C)CCOP(=O)([O-])OP(=O)(O)OCC1OC(C(O)C1O)N2C=CC(=NC2=O)N
1197-18-8,NCC1CCC(CC1)C(=O)O
56-85-9,N[C@@H](CCC(=O)N)C(=O)O
56-89-3,N[C@@H](CSSC[C@H](N)C(=O)O)C(=O)O
2528-38-3,CCCCCOP(=O)(OCCCCC)OCCCCC
2/9/1997,Nc1ccc(cc1[N+](=O)[O-])[N+](=O)[O-]
1836-75-5,[O-][N+](=O)c1ccc(Oc2ccc(Cl)cc2Cl)cc1
1643-20-5,CCCCCCCCCCCC[N+](C)(C)[O-]
627-82-7,OCC(O)COCC(O)CO
126-58-9,OCC(CO)(CO)COCC(CO)(CO)CO
24800-44-0,CC(O)COCC(C)OCC(C)O
112-85-6,CCCCCCCCCCCCCCCCCCCCCC(=O)O
2724-58-5,CC(C)CCCCCCCCCCCCCCC(=O)O
40677-77-8,CCCCCCCCC=CCCCCCCCCOC(=O)CCCCC(=O)OCCCCCCCCC=CCCCCCCCC
15625-89-5,CCC(COC(=O)C=C)(COC(=O)C=C)COC(=O)C=C
107-66-4,CCCCOP(=O)(O)OCCCC
504-53-0,CCCCCCCCCCCCCCCCCC(=O)CCCCCCCCCCCCCCCCC
7/9/1980,Clc1ccc(cc1)S(=O)(=O)c2ccc(Cl)cc2
95-73-8,Cc1ccc(Cl)cc1Cl
118-69-4,Cc1c(Cl)cccc1Cl
101-67-7,CCCCCCCCc1ccc(Nc2ccc(CCCCCCCC)cc2)cc1
121-86-8,Cc1ccc(cc1Cl)[N+](=O)[O-]
50985-45-0,CCCCCCC=CCCCCCCCc1cccc(O)c1
2082-79-3,CCCCCCCCCCCCCCCCCCOC(=O)CCc1cc(c(O)c(c1)C(C)(C)C)C(C)(C)C
26523-78-4,CCCCCCCCCc1ccc(OP(Oc2ccc(CCCCCCCCC)cc2)Oc3ccc(CCCCCCCCC)cc3)cc1
26444-49-5,Cc1ccc(OP(=O)(Oc2ccccc2)Oc3ccccc3)cc1
10081-67-1,CC(C)(c1ccccc1)c2ccc(Nc3ccc(cc3)C(C)(C)c4ccccc4)cc2
5468-75-7,CC(=O)C(N=Nc1ccc(cc1Cl)c2ccc(N=NC(C(=O)C)C(=O)Nc3ccccc3C)c(Cl)c2)C(=O)Nc4ccccc4C
95-31-8,CC(C)(C)NSc1nc2ccccc2s1
111-82-0,CCCCCCCCCCCC(=O)OC
89-83-8,CC(C)c1ccc(C)cc1O
576-26-1,Cc1cccc(C)c1O
105-67-9,Cc1ccc(O)c(C)c1
95-87-4,Cc1ccc(C)c(O)c1
1879-09-0,Cc1cc(C)c(O)c(c1)C(C)(C)C
2/8/1990,Oc1ccccc1C=O
123-08-0,Oc1ccc(C=O)cc1
11/8/1981,Nc1ccc(\C=C\c2ccc(N)cc2S(=O)(=O)O)c(c1)S(=O)(=O)O
4979-32-2,C1CCC(CC1)N(Sc2nc3ccccc3s2)C4CCCCC4
540-84-1,CC(C)CC(C)(C)C
102-82-9,CCCCN(CCCC)CCCC
111-18-2,CN(C)CCCCCCN(C)C
108-00-9,CN(C)CCN
3452-97-9,CC(CCO)CC(C)(C)C
71-41-0,CCCCCO
75-91-2,CC(C)(C)OO
106-88-7,CCC1CO1
4457-71-0,CC(CCO)CCO
78-70-6,CC(=CCCC(C)(O)C=C)C
335-99-9,OCC(F)(F)C(F)(F)C(F)(F)C(F)(F)C(F)(F)C(F)F
4620-70-6,CC(C)(C)NCCO
109-83-1,CNCCO
105-59-9,CN(CCO)CCO
156-87-6,NCCCO
5332-73-0,COCCCN
109-59-1,CC(C)OCCO
123-34-2,OCC(O)COCC=C
111-96-6,COCCOCCOC
112-26-5,ClCCOCCOCCCl
60-24-2,OCCS
8/1/1975,CCS
624-92-0,CSSC
107-70-0,COC(C)(C)CC(=O)C
111-17-1,OC(=O)CCSCCC(=O)O
3524-68-3,OCC(COC(=O)C=C)(COC(=O)C=C)COC(=O)C=C
3/7/2680,CN(C)C(=O)C=C
2358-84-1,CC(=C)C(=O)OCCOCCOC(=O)C(=C)C
79-39-0,CC(=C)C(=O)N
51-79-6,CCOC(=O)N
999-97-3,C[Si](C)(C)N[Si](C)(C)C
919-30-2,CCO[Si](CCCN)(OCC)OCC
107-11-9,NCC=C
928-96-1,CC\C=C/CCO
627-83-8,CCCCCCCCCCCCCCCCCC(=O)OCCOC(=O)CCCCCCCCCCCCCCCCC
107-71-1,CC(=O)OOC(C)(C)C
56539-66-3,COC(C)(C)CCO
622-24-2,ClCCc1ccccc1
402-31-3,FC(F)(F)c1cccc(c1)C(F)(F)F
9/4/4152,NCCNCc1ccccc1
3531-19-9,Nc1c(Cl)cc(cc1[N+](=O)[O-])[N+](=O)[O-]
614-45-9,CC(C)(C)OOC(=O)c1ccccc1
120-51-4,O=C(OCc1ccccc1)c2ccccc2
99-64-9,CN(C)c1cccc(c1)C(=O)O
6683-19-8,CC(C)(C)c1cc(CCC(=O)OCC(COC(=O)CCc2cc(c(O)c(c2)C(C)(C)C)C(C)(C)C)(COC(=O)CCc3cc(c(O)c(c3)C(C)(C)C)C(C)(C)C)COC(=O)CCc4cc(c(O)c(c4)C(C)(C)C)C(C)(C)C)cc(c1O)C(C)(C)C
15046-75-0,Cc1ccccc1S(=O)(=O)O
3965-55-7,COC(=O)c1cc(cc(c1)S(=O)(=O)O)C(=O)OC
2695-37-6,OS(=O)(=O)c1ccc(C=C)cc1
827-21-4,Cc1ccc(c(C)c1)S(=O)(=O)O
3622-84-2,CCCCNS(=O)(=O)c1ccccc1
9/1/1980,Oc1ccc(cc1)S(=O)(=O)c2ccc(O)cc2
586-62-9,CC(=C1CCC(=CC1)C)C
1678-91-7,CCC1CCCCC1
2855-13-2,CC1(C)CC(N)CC(C)(CN)C1
5726-19-2,CC1CCCCC1OC(=O)C
591-31-1,COc1cccc(C=O)c1
1709-70-2,Cc1c(Cc2cc(c(O)c(c2)C(C)(C)C)C(C)(C)C)c(C)c(Cc3cc(c(O)c(c3)C(C)(C)C)C(C)(C)C)c(C)c1Cc4cc(c(O)c(c4)C(C)(C)C)C(C)(C)C
840-65-3,COC(=O)c1ccc2cc(ccc2c1)C(=O)OC
1552-42-7,CN(C)c1ccc(cc1)C2(OC(=O)c3cc(ccc23)N(C)C)c4ccc(cc4)N(C)C
95-14-7,c1ccc2[nH]nnc2c1
2440-22-4,Cc1ccc(O)c(c1)n2nc3ccccc3n2
11/5/3896,Cc1cc(c(O)c(c1)C(C)(C)C)n2nc3ccc(Cl)cc3n2
1025-15-6,C=CCN1C(=O)N(CC=C)C(=O)N(CC=C)C1=O
27676-62-6,CC(C)(C)c1cc(CN2C(=O)N(Cc3cc(c(O)c(c3)C(C)(C)C)C(C)(C)C)C(=O)N(Cc4cc(c(O)c(c4)C(C)(C)C)C(C)(C)C)C2=O)cc(c1O)C(C)(C)C
6674-22-2,C1CCN2CCCN=C2CC1
280-57-9,C1CN2CCN1CC2
3214-47-9,Cc1cc(NC(=O)Nc2ccc(N=Nc3cc(c4cccc(c4c3)S(=O)(=O)O)S(=O)(=O)O)c(C)c2)ccc1N=Nc5cc(c6cccc(c6c5)S(=O)(=O)O)S(=O)(=O)O
2580-78-1,Nc1c2C(=O)c3ccccc3C(=O)c2c(Nc4cccc(c4)S(=O)(=O)CCOS(=O)(=O)O)cc1S(=O)(=O)O
2425-85-6,Cc1ccc(N=Nc2c(O)ccc3ccccc23)c(c1)[N+](=O)[O-]
3846-71-7,CC(C)(C)c1cc(c(O)c(c1)C(C)(C)C)n2nc3ccccc3n2
29836-26-8,CCCCCCCCO[C@@H]1OC(CO)[C@@H](O)[C@H](O)[C@H]1O
96-50-4,Nc1nccs1
124-68-5,CC(C)(N)CO
10/8/1964,NC(=O)Nc1ccccc1
119-06-2,CCCCCCCCCCCCCOC(=O)c1ccccc1C(=O)OCCCCCCCCCCCCC
121-03-9,Cc1ccc(cc1S(=O)(=O)O)[N+](=O)[O-]
2403-88-5,CC1(C)CC(O)CC(C)(C)N1
88-60-8,Cc1ccc(c(O)c1)C(C)(C)C
89-72-5,CCC(C)c1ccccc1O
91-76-9,Nc1nc(N)nc(n1)c2ccccc2
4/7/1999,Cc1cccc(c1)C(=O)O
99-94-5,Cc1ccc(cc1)C(=O)O
99-88-7,CC(C)c1ccc(N)cc1
611-19-8,ClCc1ccccc1Cl
112-82-3,CCCCCCCCCCCCCCCCBr
110-53-2,CCCCCBr
1120-48-5,CCCCCCCCNCCCCCCCC
3030-47-5,CN(C)CCN(C)CCN(C)C
4067-16-7,NCCNCCNCCNCCNCCN
52-51-7,OCC(Br)(CO)[N+](=O)[O-]
78-63-7,CC(C)(C)OOC(C)(C)CCC(C)(C)OOC(C)(C)C
2425-79-8,C(CCOCC1CO1)COCC2CO2
112-35-6,COCCOCCOCCO
7299-99-2,CCCCC(CC)C(=O)OCC(COC(=O)C(CC)CCCC)(COC(=O)C(CC)CCCC)COC(=O)C(CC)CCCC
105-38-4,CCC(=O)OC=C
1071-93-8,NNC(=O)CCCCC(=O)NN
95-92-1,CCOC(=O)C(=O)OCC
301-02-0,CCCCCCCCC=CCCCCCCCC(=O)N
629-54-9,CCCCCCCCCCCCCCCC(=O)N
3061-75-4,CCCCCCCCCCCCCCCCCCCCCC(=O)N
25584-83-2,CC(O)COC(=O)C=C
3121-61-7,COCCOC(=O)C=C
108-23-6,CC(C)OC(=O)Cl
598-78-7,CC(Cl)C(=O)O
7659-86-1,CCCCC(CC)COC(=O)CS
126-98-7,CC(=C)C#N
7/4/6869,CC(C)(NNC(C)(C)C#N)C#N
107-68-6,CNCCS(=O)(=O)O
2372-21-6,CC(C)OC(=O)OOC(C)(C)C
96-31-1,CNC(=O)NC
120-93-4,O=C1NCCN1
1752-30-3,CC(=NNC(=S)N)C
556-88-7,NC(=N)N[N+](=O)[O-]
23235-61-2,CCC(CO)(CO)COCC(CC)(CO)CO
110-93-0,CC(=CCCC(=O)C)C
25415-84-3,CCCCC(CC)COC(=O)CCC
1115-20-4,CC(C)(CO)COC(=O)C(C)(C)CO
40876-98-0,CCOC(=O)CC(=O)C(=O)OCC
102-01-2,CC(=O)CC(=O)Nc1ccccc1
5/1/1988,Cc1cc(C)c(N)c(C)c1
101-54-2,Nc1ccc(Nc2ccccc2)cc1
97-36-9,CC(=O)CC(=O)Nc1ccc(C)cc1C
83-41-0,Cc1cccc(c1C)[N+](=O)[O-]
12/4/5329,NNc1c(Cl)cc(Cl)cc1Cl
4286-23-1,CC(=C)c1ccc(O)cc1
88-26-6,CC(C)(C)c1cc(CO)cc(c1O)C(C)(C)C
89-64-5,Oc1ccc(Cl)cc1[N+](=O)[O-]
615-58-7,Oc1ccc(Br)cc1Br
4433-79-8,COc1cc(NC(=O)CC(=O)C)c(OC)cc1Cl
80-15-9,CC(C)(OO)c1ccccc1
122-03-2,CC(C)c1ccc(C=O)cc1
89-98-5,Clc1ccccc1C=O
120-21-8,CCN(CC)c1ccc(C=O)cc1
89-32-7,O=C1OC(=O)c2cc3C(=O)OC(=O)c3cc12
28553-12-0,CC(C)CCCCCCOC(=O)c1ccccc1C(=O)OCCCCCCC(C)C
117-84-0,CCCCCCCCOC(=O)c1ccccc1C(=O)OCCCCCCCC
117-08-8,Clc1c(Cl)c(Cl)c2C(=O)OC(=O)c2c1Cl
2840-28-0,Nc1cc(ccc1Cl)C(=O)O
149-91-7,OC(=O)c1cc(O)c(O)c(O)c1
92-15-9,COc1ccccc1NC(=O)CC(=O)C
1953-99-7,Clc1c(Cl)c(Cl)c(C#N)c(C#N)c1Cl
767-00-0,Oc1ccc(cc1)C#N
110-83-8,C1CCC=CC1
2579-20-6,NCC1CCCC(CN)C1
101-43-9,CC(=C)C(=O)OC1CCCCC1
873-94-9,CC1CC(=O)CC(C)(C)C1
102-36-3,Clc1ccc(cc1Cl)N=C=O
2078-54-8,CC(C)c1cccc(C(C)C)c1O
104-87-0,Cc1ccc(C=O)cc1
6375-47-9,COc1ccc(NC(=O)C)cc1N
1745-81-9,Oc1ccccc1CC=C
620-92-8,Oc1ccc(Cc2ccc(O)cc2)cc1
1333-16-0,Oc1cccc(Cc2ccccc2O)c1
6/6/6258,Nc1c2C(=O)c3ccccc3C(=O)c2c(Br)cc1S(=O)(=O)O
92-88-6,Oc1ccc(cc1)c2ccc(O)cc2
2451-62-9,O=C1N(CC2CO2)C(=O)N(CC3CO3)C(=O)N1CC4CO4
5567-15-7,COc1cc(NC(=O)C(N=Nc2ccc(cc2Cl)c3ccc(N=NC(C(=O)C)C(=O)Nc4cc(OC)c(Cl)cc4OC)c(Cl)c3)C(=O)C)c(OC)cc1Cl
678-39-7,OCCC(F)(F)C(F)(F)C(F)(F)C(F)(F)C(F)(F)C(F)(F)C(F)(F)C(F)(F)F
335-67-1,OC(=O)C(F)(F)C(F)(F)C(F)(F)C(F)(F)C(F)(F)C(F)(F)C(F)(F)F
109-64-8,BrCCCBr
107-19-7,OCC#C
100-37-8,CCN(CC)CCO
102-81-8,CCCCN(CCO)CCCC
556-61-6,CN=C=S
556-52-5,OCC1CO1
87-62-7,Cc1cccc(C)c1N
101-61-1,CN(C)c1ccc(Cc2ccc(cc2)N(C)C)cc1
95-54-5,Nc1ccccc1N
9/3/1960,Nc1ccc(cc1)N=Nc2ccccc2
1582-09-8,CCCN(CCC)c1c(cc(cc1[N+](=O)[O-])C(F)(F)F)[N+](=O)[O-]
131-72-6,CCCCCCC(C)c1cc(cc(c1OC(=O)C=CC)[N+](=O)[O-])[N+](=O)[O-]
94-74-6,Cc1cc(Cl)ccc1OCC(=O)O
94-75-7,OC(=O)COc1ccc(Cl)cc1Cl
84-69-5,CC(C)COC(=O)c1ccccc1C(=O)OCC(C)C
17420-30-3,Nc1ccc(cc1C#N)[N+](=O)[O-]
106-87-6,C1CC2OC2CC1C3CO3
25155-23-1,Cc1ccc(OP(=O)(Oc2cc(C)cc(C)c2)Oc3cccc(C)c3C)c(C)c1
2636-26-2,COP(=S)(OC)Oc1ccc(cc1)C#N
6864-37-5,CC1CC(CC2CCC(N)C(C)C2)CCC1N
5124-30-1,O=C=NC1CCC(CC2CCC(CC2)N=C=O)CC1
1120-71-4,O=S1(=O)CCCO1
3347-22-6,O=C1C2=C(SC(=C(S2)C#N)C#N)C(=O)c3ccccc13
2429-74-5,COc1cc(ccc1N=Nc2c(O)c3c(N)cc(cc3cc2S(=O)(=O)O)S(=O)(=O)O)c4ccc(N=Nc5c(O)c6c(N)cc(cc6cc5S(=O)(=O)O)S(=O)(=O)O)c(OC)c4
1937-37-7,Nc1ccc(N=Nc2ccc(cc2)c3ccc(cc3)N=Nc4c(N)c5c(O)c(N=Nc6ccccc6)c(cc5cc4S(=O)(=O)O)S(=O)(=O)O)c(N)c1
1694-09-3,CCN(Cc1cccc(c1)S(=O)(=O)[O-])c2ccc(cc2)C(=C3C=CC(=[N+](CC)Cc4cccc(c4)S(=O)(=O)O)C=C3)c5ccc(cc5)N(C)C
834-12-8,CCNc1nc(NC(C)C)nc(SC)n1
1912-24-9,CCNc1nc(Cl)nc(NC(C)C)n1
51-52-5,CCCC1=CC(=O)NC(=S)N1
57-41-0,O=C1NC(=O)C(N1)(c2ccccc2)c3ccccc3
110-52-1,BrCCCCBr
6/6/1950,CCC1(C(=O)NC(=O)NC1=O)c2ccccc2
298-81-7,COc1c2OC(=O)C=Cc2cc3ccoc13
1/2/2439,Cc1ccc2nc3SC(=O)Sc3nc2c1
1634-04-4,COC(C)(C)C
10222-01-2,NC(=O)C(Br)(Br)C#N
112-62-9,CCCCCCCCC=CCCCCCCCC(=O)OC
26172-55-4,CN1SC(=CC1=O)Cl
598-09-4,CC1(CCl)CO1
2881-83-6,CCOC(=O)CC(=O)c1ccc(OC)cc1
901-44-0,CC(C)(c1ccc(OCCO)cc1)c2ccc(OCCO)cc2
29598-76-3,CCCCCCCCCCCCSCCC(=O)OCC(COC(=O)CCSCCCCCCCCCCCC)(COC(=O)CCSCCCCCCCCCCCC)COC(=O)CCSCCCCCCCCCCCC
3785-34-0,BrCC(=O)OCCOC(=O)CBr
18375-66-1,CCCCCCCCCCCCCCCCCCNC(=O)C(O)C(O)C(O)C(O)CO
40220-08-4,C=CC(=O)OCCN1C(=O)N(CCOC(=O)C=C)C(=O)N(CCOC(=O)C=C)C1=O
6104-30-9,CC(C)C(NC(=O)N)NC(=O)N
959-26-2,OCCOC(=O)c1ccc(cc1)C(=O)OCCO
142-22-3,C=CCOC(=O)OCCOCCOC(=O)OCC=C
55107-14-7,COC(=O)CC(=O)C(C)(C)C
105-56-6,CCOC(=O)CC#N
115-70-8,CCC(N)(CO)CO
6362-80-7,CC(C)(CC(=C)c1ccccc1)c2ccccc2
106-86-5,C=CC1CCC2OC2C1
924-42-5,OCNC(=O)C=C
2219-82-1,Cc1cccc(c1O)C(C)(C)C
605-71-0,[O-][N+](=O)c1cccc2c(cccc12)[N+](=O)[O-]
2409-55-4,Cc1ccc(O)c(c1)C(C)(C)C
27605-76-1,C=CCOC1=NS(=O)(=O)c2ccccc12
131-56-6,Oc1ccc(C(=O)c2ccccc2)c(O)c1
13676-54-5,O=C1C=CC(=O)N1c2ccc(Cc3ccc(cc3)N4C(=O)C=CC4=O)cc2
63-74-1,Nc1ccc(cc1)S(=O)(=O)N
2100-42-7,COc1ccc(OC)c(Cl)c1
5809-23-4,CCN(CC)c1ccc(C(=O)c2ccccc2C(=O)O)c(O)c1
116-82-5,Nc1c(Br)cc(O)c2C(=O)c3ccccc3C(=O)c12
824-79-3,Cc1ccc(cc1)S(=O)O
1852-16-0,CCCCOCNC(=O)C=C
140-53-4,Clc1ccc(CC#N)cc1
4418-26-2,C\C(=C\1/C(=O)OC(=CC1=O)C)\O
140-31-8,NCCN1CCNCC1
3033-62-3,CN(C)CCOCCN(C)C
136-36-7,Oc1cccc(OC(=O)c2ccccc2)c1
599-64-4,CC(C)(c1ccccc1)c2ccc(O)cc2
87-68-3,ClC(=C(Cl)C(=C(Cl)Cl)Cl)Cl
28519-02-0,CCCCCCCCCCCCc1cc(Oc2ccc(cc2)S(=O)(=O)O)cc(c1)S(=O)(=O)O
10/4/1980,Cl[Si](Cl)(c1ccccc1)c2ccccc2
115-84-4,CCCCC(CC)(CO)CO
288-32-4,c1c[nH]cn1
102-60-3,CC(O)CN(CCN(CC(C)O)CC(C)O)CC(C)O
105-74-8,CCCCCCCCCCCC(=O)OOC(=O)CCCCCCCCCCC
111-78-4,C1CC=CCCC=C1
1323-65-5,CCCCCCCCCc1cccc(O)c1CCCCCCCCC
16691-43-3,Nc1n[nH]c(S)n1
19715-19-6,CC(C)(C)c1cc(C(=O)O)c(O)c(c1)C(C)(C)C
21587-74-6,NCCCC1OCC2(COC(CCCN)OC2)CO1
483-63-6,CCN(C(=O)C=CC)c1ccccc1C
25155-25-3,CC(C)(C)OOC(C)(C)c1cccc(c1)C(C)(C)OOC(C)(C)C
55250-84-5,CN(C1CCCCC1)c2ccc3c(Oc4cc(C)c(Nc5ccccc5)cc4C36OC(=O)c7ccccc67)c2
33513-44-9,OS(=O)(=O)c1ccc(C=O)c(c1)S(=O)(=O)O
89-25-8,CC1=NN(C(=O)C1)c2ccccc2
2495-37-6,CC(=C)C(=O)OCc1ccccc1
6291-84-5,CNCCCN
108-62-3,CC1OC(C)OC(C)OC(C)O1
4418-61-5,Nc1nnn[nH]1
16935-34-5,CC(C)C1NC(=O)NC1=O
367-11-3,Fc1ccccc1F
2049-95-8,CCC(C)(C)c1ccccc1
27193-86-8,CCCCCCCCCCCCc1ccc(O)cc1
101-20-2,Clc1ccc(NC(=O)Nc2ccc(Cl)c(Cl)c2)cc1
540-72-7,SC#N
584-79-2,CC(=CC1C(C(=O)OC2CC(=O)C(=C2C)CC=C)C1(C)C)C
2634-33-5,O=C1NSc2ccccc12
7696-12-0,CC(=CC1C(C(=O)OCN2C(=O)C3=C(CCCC3)C2=O)C1(C)C)C
941-69-5,O=C1C=CC(=O)N1c2ccccc2
52186-00-2,CC(CCl)OP(=O)(OCCOCCOP(=O)(OC(C)CCl)OC(C)CCl)OC(C)CCl
683-10-3,CCCCCCCCCCCC[N+](C)(C)CC(=O)[O-]
103-24-2,CCCCC(CC)COC(=O)CCCCCCCC(=O)OCC(CC)CCCC
14802-03-0,CCCCC(CC)COP(=O)(O)CC(CC)CCCC
93-55-0,CCC(=O)c1ccccc1
826-36-8,CC1(C)CC(=O)CC(C)(C)N1
10/8/4292,CCCCCCCCCCCC(=O)NCCC[N+](C)(C)CC(=O)[O-]
7417-99-4,O=C(Nc1ccc(Cc2ccc(NC(=O)N3CC3)cc2)cc1)N4CC4
52184-14-2,CC(C)(C)c1cc(N=Nc2ccccc2[N+](=O)[O-])c(O)c(c1)C(C)(C)C
3120-74-9,CSc1ccc(O)cc1C
1156-51-0,CC(C)(c1ccc(OC#N)cc1)c2ccc(OC#N)cc2
2402-78-0,Clc1cccc(Cl)n1
980-26-7,Cc1ccc2Nc3cc4C(=O)c5cc(C)ccc5Nc4cc3C(=O)c2c1
26896-48-0,OCC1CC2C3CC(CO)C(C3)C2C1
693-98-1,Cc1ncc[nH]1
1592-20-7,ClCc1ccc(C=C)cc1
84-47-9,CC(C)(C)c1ccc2C(=O)c3ccccc3C(=O)c2c1
87-41-2,O=C1OCc2ccccc12
26916-60-9,CC(C)C1CCc2ccccc2C1
3194-57-8,BrC1CCC(Br)C(Br)CCC1Br
92-66-0,Brc1ccc(cc1)c2ccccc2
90-12-0,Cc1cccc2ccccc12
100-14-1,[O-][N+](=O)c1ccc(CCl)cc1
24613-62-5,CCCCCCCCCCCCOP(=O)(O)O
97-39-2,Cc1ccccc1NC(=N)Nc2ccccc2C
97-99-4,OCC1CCCO1
100-74-3,CCN1CCOCC1
376-06-7,OC(=O)C(F)(F)C(F)(F)C(F)(F)C(F)(F)C(F)(F)C(F)(F)C(F)(F)C(F)(F)C(F)(F)C(F)(F)C(F)(F)C(F)(F)C(F)(F)F
873-32-5,Clc1ccccc1C#N
2495-39-8,OS(=O)(=O)CC=C
306-98-9,FC(F)(F)C1(F)C(F)(F)C(F)(F)C(F)(F)C(F)(F)C1(F)C(F)(F)F
31127-54-5,Oc1ccc(cc1)C(=O)c2ccc(O)c(O)c2O
103429-90-9,COC(C)(C)CCOC(=O)C
104-83-6,ClCc1ccc(Cl)cc1
608-71-9,Oc1c(Br)c(Br)c(Br)c(Br)c1Br
307-55-1,OC(=O)C(F)(F)C(F)(F)C(F)(F)C(F)(F)C(F)(F)C(F)(F)C(F)(F)C(F)(F)C(F)(F)C(F)(F)C(F)(F)F
120-72-9,c1ccc2[nH]ccc2c1
110-56-5,ClCCCCCl
843-55-0,Oc1ccc(cc1)C2(CCCCC2)c3ccc(O)cc3
80-56-8,CC1=CCC2CC1C2(C)C
28768-32-3,C(C1CO1)N(CC2CO2)c3ccc(Cc4ccc(cc4)N(CC5CO5)CC6CO6)cc3
1919-48-8,O(c1ccccc1)c2nc(Oc3ccccc3)nc(Oc4ccccc4)n2
120-95-6,CCC(C)(C)c1ccc(O)c(c1)C(C)(C)CC
17540-75-9,CCC(C)c1cc(c(O)c(c1)C(C)(C)C)C(C)(C)C
93-46-9,N(c1ccc(Nc2ccc3ccccc3c2)cc1)c4ccc5ccccc5c4
509-34-2,CCN(CC)c1ccc2c(Oc3cc(ccc3C24OC(=O)c5ccccc45)N(CC)CC)c1
14233-37-5,CC(C)Nc1ccc(NC(C)C)c2C(=O)c3ccccc3C(=O)c12
10453-86-8,CC(=CC1C(C(=O)OCc2coc(Cc3ccccc3)c2)C1(C)C)C
21850-44-2,CC(C)(c1cc(Br)c(OCC(Br)CBr)c(Br)c1)c2cc(Br)c(OCC(Br)CBr)c(Br)c2
700-13-0,Cc1cc(O)c(C)c(C)c1O
83-88-5,Cc1cc2N=C3C(=O)NC(=O)N=C3N(C[C@@H](O)[C@@H](O)[C@@H](O)CO)c2cc1C
60-33-3,CCCCC\C=C/C\C=C/CCCCCCCC(=O)O
4316-73-8,CNCC(=O)O
111-01-3,CC(C)CCCC(C)CCCC(C)CCCCC(C)CCCC(C)CCCC(C)C
117-62-4,Nc1ccc2c(cccc2c1S(=O)(=O)O)S(=O)(=O)O
110-64-5,OCC=CCO
50-78-2,CC(=O)Oc1ccccc1C(=O)O
150-13-0,Nc1ccc(cc1)C(=O)O
85954-11-6,Cc1cc(cc(C)c1OCC2CO2)c3cc(C)c(OCC4CO4)c(C)c3
69709-01-9,CO[Si](CCCN=C(N(C)C)N(C)C)(OC)OC
6294-31-1,CCCCCCSCCCCCC
15233-47-3,CCCCCCC(C)Nc1ccc(Nc2ccccc2)cc1
74921-47-4,CC(CC(c1ccccc1)c2ccc(C)c(C)c2)c3ccccc3
